[
  {"abbr":"ACDT", "name":"Australian Central Daylight Time", "utcOffset":"UTC+10:30"},
  {"abbr":"ACST", "name":"Australian Central Standard Time", "utcOffset":"UTC+09:30"},
  {"abbr":"ACT", "name":"ASEAN Common Time", "utcOffset":"UTC+08"},
  {"abbr":"ADT", "name":"Atlantic Daylight Time", "utcOffset":"UTC-03"},
  {"abbr":"AEDT", "name":"Australian Eastern Daylight Time", "utcOffset":"UTC+11"},
  {"abbr":"AEST", "name":"Australian Eastern Standard Time", "utcOffset":"UTC+10"},
  {"abbr":"AFT", "name":"Afghanistan Time", "utcOffset":"UTC+04:30"},
  {"abbr":"AKDT", "name":"Alaska Daylight Time", "utcOffset":"UTC-08"},
  {"abbr":"AKST", "name":"Alaska Standard Time", "utcOffset":"UTC-09"},
  {"abbr":"AMST", "name":"Amazon Summer Time (Brazil)[1]", "utcOffset":"UTC-03"},
  {"abbr":"AMST", "name":"Armenia Summer Time", "utcOffset":"UTC+05"},
  {"abbr":"AMT", "name":"Amazon Time (Brazil)[2]", "utcOffset":"UTC-04"},
  {"abbr":"AMT", "name":"Armenia Time", "utcOffset":"UTC+04"},
  {"abbr":"ART", "name":"Argentina Time", "utcOffset":"UTC-03"},
  {"abbr":"AST", "name":"Arabia Standard Time", "utcOffset":"UTC+03"},
  {"abbr":"AST", "name":"Atlantic Standard Time", "utcOffset":"UTC-04"},
  {"abbr":"AWDT", "name":"Australian Western Daylight Time", "utcOffset":"UTC+09"},
  {"abbr":"AWST", "name":"Australian Western Standard Time", "utcOffset":"UTC+08"},
  {"abbr":"AZOST", "name":"Azores Standard Time", "utcOffset":"UTC-01"},
  {"abbr":"AZT", "name":"Azerbaijan Time", "utcOffset":"UTC+04"},
  {"abbr":"BDT", "name":"Brunei Time", "utcOffset":"UTC+08"},
  {"abbr":"BIOT", "name":"British Indian Ocean Time", "utcOffset":"UTC+06"},
  {"abbr":"BIT", "name":"Baker Island Time", "utcOffset":"UTC-12"},
  {"abbr":"BOT", "name":"Bolivia Time", "utcOffset":"UTC-04"},
  {"abbr":"BRT", "name":"Brasilia Time", "utcOffset":"UTC-03"},
  {"abbr":"BST", "name":"Bangladesh Standard Time", "utcOffset":"UTC+06"},
  {"abbr":"BST", "name":"British Summer Time (British Standard Time from Feb 1968 to Oct 1971)", "utcOffset":"UTC+01"},
  {"abbr":"BTT", "name":"Bhutan Time", "utcOffset":"UTC+06"},
  {"abbr":"CAT", "name":"Central Africa Time", "utcOffset":"UTC+02"},
  {"abbr":"CCT", "name":"Cocos Islands Time",  "utcOffset":"UTC+06:30"},
  {"abbr":"CDT", "name":"Central Daylight Time (North America)", "utcOffset":"UTC-05"},
  {"abbr":"CDT", "name":"Cuba Daylight Time[3]", "utcOffset":"UTC-04"},
  {"abbr":"CEDT", "name":"Central European Daylight Time", "utcOffset":"UTC+02"},
  {"abbr":"CEST", "name":"Central European Summer Time (Cf. HAEC)", "utcOffset":"UTC+02"},
  {"abbr":"CET", "name":"Central European Time", "utcOffset":"UTC+01"},
  {"abbr":"CHADT", "name":"Chatham Daylight Time", "utcOffset":"UTC+13:45"},
  {"abbr":"CHAST", "name":"Chatham Standard Time", "utcOffset":"UTC+12:45"},
  {"abbr":"CHOT", "name":"Choibalsan ", "utcOffset":"UTC+08"},
  {"abbr":"ChST", "name":"Chamorro Standard Time ", "utcOffset":"UTC+10"},
  {"abbr":"CHUT", "name":"Chuuk Time", "utcOffset":"UTC+10"},
  {"abbr":"CIST", "name":"Clipperton Island Standard Time", "utcOffset":"UTC-08"},
  {"abbr":"CIT", "name":"Central Indonesia Time", "utcOffset":"UTC+08"},
  {"abbr":"CKT", "name":"Cook Island Time",  "utcOffset":"UTC-10"},
  {"abbr":"CLST",  "name":"Chile Summer Time", "utcOffset":"UTC-03"},
  {"abbr":"CLT", "name":"Chile Standard Time", "utcOffset":"UTC-04"},
  {"abbr":"COST",  "name":"Colombia Summer Time",  "utcOffset":"UTC-04"},
  {"abbr":"COT", "name":"Colombia Time", "utcOffset":"UTC-05"},
  {"abbr":"CST", "name":"Central Standard Time (North America)", "utcOffset":"UTC-06"},
  {"abbr":"CST", "name":"China Standard Time", "utcOffset":"UTC+08"},
  {"abbr":"CST", "name":"Central Standard Time (Australia)", "utcOffset":"UTC+09:30"},
  {"abbr":"CST", "name":"Central Summer Time (Australia)", "utcOffset":"UTC:10:30"},
  {"abbr":"CST", "name":"Cuba Standard Time", "utcOffset":"UTC-05"},
  {"abbr":"CT", "name":"China time", "utcOffset":"UTC+08"},
  {"abbr":"CVT", "name":"Cape Verde Time", "utcOffset":"UTC-01"},
  {"abbr":"CWST", "name":"Central Western Standard Time (Australia)", "utcOffset":"UTC+08:45"},
  {"abbr":"CXT", "name":"Christmas Island Time", "utcOffset":"UTC+07"},
  {"abbr":"DAVT ", "name":"Davis Time", "utcOffset":"UTC+07"},
  {"abbr":"DDUT ", "name":"Dumont d'Urville Time", "utcOffset":"UTC+10"},
  {"abbr":"DFT", "name":"AIX specific equivalent of Central European Time[4]", "utcOffset":"UTC+01"},
  {"abbr":"EASST", "name":"Easter Island Standard Summer Time", "utcOffset":"UTC-05"},
  {"abbr":"EAST ", "name":"Easter Island Standard Time", "utcOffset":"UTC-06"},
  {"abbr":"EAT", "name":"East Africa Time", "utcOffset":"UTC+03"},
  {"abbr":"ECT", "name":"Eastern Caribbean Time (does not recognise DST)", "utcOffset":"UTC-04"},
  {"abbr":"ECT", "name":"Ecuador Time", "utcOffset":"UTC-05"},
  {"abbr":"EDT", "name":"Eastern Daylight Time (North America)", "utcOffset":"UTC-04"},
  {"abbr":"EEDT ", "name":"Eastern European Daylight Time", "utcOffset":"UTC+03"},
  {"abbr":"EEST ", "name":"Eastern European Summer Time", "utcOffset":"UTC+03"},
  {"abbr":"EET", "name":"Eastern European Time", "utcOffset":"UTC+02"},
  {"abbr":"EGST ", "name":"Eastern Greenland Summer Time", "utcOffset":"UTC+00"},
  {"abbr":"EGT", "name":"Eastern Greenland Time", "utcOffset":"UTC-01"},
  {"abbr":"EIT", "name":"Eastern Indonesian Time", "utcOffset":"UTC+09"},
  {"abbr":"EST", "name":"Eastern Standard Time (North America)", "utcOffset":"UTC-05"},
  {"abbr":"EST", "name":"Eastern Standard Time (Australia)", "utcOffset":"UTC+10"},
  {"abbr":"FET", "name":"Further-eastern European Time", "utcOffset":"UTC+03"},
  {"abbr":"FJT", "name":"Fiji Time", "utcOffset":"UTC+12"},
  {"abbr":"FKST", "name":"Falkland Islands Standard Time ", "utcOffset":"UTC-03"},
  {"abbr":"FKST", "name":"Falkland Islands Summer Time ", "utcOffset":"UTC-03"},
  {"abbr":"FKT", "name":"Falkland Islands Time", "utcOffset":"UTC-04"},
  {"abbr":"FNT", "name":"Fernando de Noronha Time ", "utcOffset":"UTC-02"},
  {"abbr":"GALT", "name":"Galapagos Time ", "utcOffset":"UTC-06"},
  {"abbr":"GAMT", "name":"Gambier Islands", "utcOffset":"UTC-09"},
  {"abbr":"GET", "name":"Georgia Standard Time", "utcOffset":"UTC+04"},
  {"abbr":"GFT", "name":"French Guiana Time ", "utcOffset":"UTC-03"},
  {"abbr":"GILT ", "name":"Gilbert Island Time", "utcOffset":"UTC+12"},
  {"abbr":"GIT", "name":"Gambier Island Time", "utcOffset":"UTC-09"},
  {"abbr":"GMT", "name":"Greenwich", "utcOffset":"Mean Time UTC"},
  {"abbr":"GST", "name":"South Georgia and the South Sandwich Islands", "utcOffset":"UTC-02"},
  {"abbr":"GST", "name":"Gulf Standard Time", "utcOffset":"UTC+04"},
  {"abbr":"GYT", "name":"Guyana Time", "utcOffset":"UTC-04"},
  {"abbr":"HADT ", "name":"Hawaii-Aleutian Daylight Time", "utcOffset":"UTC-09"},
  {"abbr":"HAEC ", "name":"Heure Avancée d'Europe Centrale francised name for CEST", "utcOffset":"UTC+02"},
  {"abbr":"HAST ", "name":"Hawaii-Aleutian Standard Time", "utcOffset":"UTC-10"},
  {"abbr":"HKT", "name":"Hong Kong Time", "utcOffset":"UTC+08"},
  {"abbr":"HMT", "name":"Heard and McDonald Islands Time", "utcOffset":"UTC+05"},
  {"abbr":"HOVT", "name":"Khovd Time", "utcOffset":"UTC+07"},
  {"abbr":"HST", "name":"Hawaii Standard Time", "utcOffset":"UTC-10"},
  {"abbr":"ICT", "name":"Indochina Time", "utcOffset":"UTC+07"},
  {"abbr":"IDT", "name":"Israel Daylight Time", "utcOffset":"UTC+03"},
  {"abbr":"IOT", "name":"Indian Ocean Time", "utcOffset":"UTC+03"},
  {"abbr":"IRDT ", "name":"Iran Daylight Time", "utcOffset":"UTC+08"},
  {"abbr":"IRKT ", "name":"Irkutsk Time", "utcOffset":"UTC+09"},
  {"abbr":"IRST ", "name":"Iran Standard Time", "utcOffset":"UTC+03:30"},
  {"abbr":"IST", "name":"Indian Standard Time", "utcOffset":"UTC+05:30"},
  {"abbr":"IST", "name":"Irish Standard Time[5] ", "utcOffset":"UTC+01"},
  {"abbr":"IST", "name":"Israel Standard Time", "utcOffset":"UTC+02"},
  {"abbr":"JST", "name":"Japan Standard Time", "utcOffset":"UTC+09"},
  {"abbr":"KGT", "name":"Kyrgyzstan time", "utcOffset":"UTC+06"},
  {"abbr":"KOST ", "name":"Kosrae Time", "utcOffset":"UTC+11"},
  {"abbr":"KRAT ", "name":"Krasnoyarsk Time", "utcOffset":"UTC+07"},
  {"abbr":"KST", "name":"Korea Standard Time", "utcOffset":"UTC+09"},
  {"abbr":"LHST", "name":"Lord Howe Standard Time", "utcOffset":"UTC+10:30"},
  {"abbr":"LHST", "name":"Lord Howe Summer Time", "utcOffset":"UTC+11"},
  {"abbr":"LINT", "name":"Line Islands Time", "utcOffset":"UTC+14"},
  {"abbr":"MAGT", "name":"Magadan Time ", "utcOffset":"UTC+12"},
  {"abbr":"MART", "name":"Marquesas Islands Time", "utcOffset":"UTC-09:30"},
  {"abbr":"MAWT", "name":"Mawson Station Time", "utcOffset":"UTC+05"},
  {"abbr":"MDT", "name":"Mountain Daylight Time (North America)", "utcOffset":"UTC-06"},
  {"abbr":"MET", "name":"Middle European Time Same zone as CET", "utcOffset":"UTC+01"},
  {"abbr":"MEST", "name":"Middle European Saving Time Same zone as CEST", "utcOffset":"UTC+02"},
  {"abbr":"MHT", "name":"Marshall Islands ", "utcOffset":"UTC+12"},
  {"abbr":"MIST", "name":"Macquarie Island Station Time", "utcOffset":"UTC+11"},
  {"abbr":"MIT", "name":"Marquesas Islands Time", "utcOffset":"UTC-09:30"},
  {"abbr":"MMT", "name":"Myanmar Time", "utcOffset":"UTC+06:30"},
  {"abbr":"MSK", "name":"Moscow Time", "utcOffset":"UTC+04"},
  {"abbr":"MST", "name":"Malaysia Standard Time ", "utcOffset":"UTC+08"},
  {"abbr":"MST", "name":"Mountain Standard Time (North America) ", "utcOffset":"UTC-07"},
  {"abbr":"MST", "name":"Myanmar Standard Time", "utcOffset":"UTC+06:30"},
  {"abbr":"MUT", "name":"Mauritius Time", "utcOffset":"UTC+04"},
  {"abbr":"MVT", "name":"Maldives Time", "utcOffset":"UTC+05"},
  {"abbr":"MYT", "name":"Malaysia Time", "utcOffset":"UTC+08"},
  {"abbr":"NCT", "name":"New Caledonia Time", "utcOffset":"UTC+11"},
  {"abbr":"NDT", "name":"Newfoundland Daylight Time", "utcOffset":"UTC-02:30"},
  {"abbr":"NFT", "name":"Norfolk Time", "utcOffset":"UTC+11:30"},
  {"abbr":"NPT", "name":"Nepal Time",  "utcOffset":"UTC+05:45"},
  {"abbr":"NST", "name":"Newfoundland Standard Time", "utcOffset":"UTC-03:30"},
  {"abbr":"NT ", "name":"Newfoundland Time", "utcOffset":"UTC-03:30"},
  {"abbr":"NUT", "name":"Niue Time", "utcOffset":"UTC-11"},
  {"abbr":"NZDT ", "name":"New Zealand Daylight Time", "utcOffset":"UTC+13"},
  {"abbr":"NZST ", "name":"New Zealand Standard Time", "utcOffset":"UTC+12"},
  {"abbr":"OMST ", "name":"Omsk Time", "utcOffset":"UTC+07"},
  {"abbr":"ORAT ", "name":"Oral Time", "utcOffset":"UTC+05"},
  {"abbr":"PDT", "name":"Pacific Daylight Time (North America)", "utcOffset":"UTC-07"},
  {"abbr":"PET", "name":"Peru Time", "utcOffset":"UTC-05"},
  {"abbr":"PETT", "name":"Kamchatka Time ", "utcOffset":"UTC+12"},
  {"abbr":"PGT", "name":"Papua New Guinea Time", "utcOffset":"UTC+10"},
  {"abbr":"PHOT", "name":"Phoenix Island Time", "utcOffset":"UTC+13"},
  {"abbr":"PHT", "name":"Philippine Time", "utcOffset":"UTC+08"},
  {"abbr":"PKT", "name":"Pakistan Standard Time ", "utcOffset":"UTC+05"},
  {"abbr":"PMDT", "name":"Saint Pierre and Miquelon Daylight time", "utcOffset":"UTC-02"},
  {"abbr":"PMST", "name":"Saint Pierre and Miquelon Standard Time", "utcOffset":"UTC-03"},
  {"abbr":"PONT", "name":"Pohnpei Standard Time", "utcOffset":"UTC+11"},
  {"abbr":"PST", "name":"Pacific Standard Time (North America)", "utcOffset":"UTC-08"},
  {"abbr":"PYST", "name":"Paraguay Summer Time (Brazil)[6] ", "utcOffset":"UTC-03"},
  {"abbr":"PYT", "name":"Paraguay Time (Brazil)[7]", "utcOffset":"UTC-04"},
  {"abbr":"RET", "name":"Réunion Time ", "utcOffset":"UTC+04"},
  {"abbr":"ROTT ", "name":"Rothera Research Station Time", "utcOffset":"UTC-03"},
  {"abbr":"SAKT ", "name":"Sakhalin Island time ", "utcOffset":"UTC+11"},
  {"abbr":"SAMT ", "name":"Samara Time", "utcOffset":"UTC+04"},
  {"abbr":"SAST ", "name":"South African Standard Time", "utcOffset":"UTC+02"},
  {"abbr":"SBT", "name":"Solomon Islands Time ", "utcOffset":"UTC+11"},
  {"abbr":"SCT", "name":"Seychelles Time", "utcOffset":"UTC+04"},
  {"abbr":"SGT", "name":"Singapore Time ", "utcOffset":"UTC+08"},
  {"abbr":"SLST", "name":"Sri Lanka Time", "utcOffset":"UTC+05:30"},
  {"abbr":"SRT", "name":"Suriname Time", "utcOffset":"UTC-03"},
  {"abbr":"SST", "name":"Samoa Standard Time", "utcOffset":"UTC-11"},
  {"abbr":"SST", "name":"Singapore Standard Time", "utcOffset":"UTC+08"},
  {"abbr":"SYOT ", "name":"Showa Station Time", "utcOffset":"UTC+03"},
  {"abbr":"TAHT ", "name":"Tahiti Time", "utcOffset":"UTC-10"},
  {"abbr":"THA", "name":"Thailand Standard Time", "utcOffset":"UTC+07"},
  {"abbr":"TFT", "name":"Indian/Kerguelen", "utcOffset":"UTC+05"},
  {"abbr":"TJT", "name":"Tajikistan Time", "utcOffset":"UTC+05"},
  {"abbr":"TKT", "name":"Tokelau Time", "utcOffset":"UTC+14"},
  {"abbr":"TLT", "name":"Timor Leste Time", "utcOffset":"UTC+09"},
  {"abbr":"TMT", "name":"Turkmenistan Time", "utcOffset":"UTC+05"},
  {"abbr":"TOT", "name":"Tonga Time", "utcOffset":"UTC+13"},
  {"abbr":"TVT", "name":"Tuvalu Time", "utcOffset":"UTC+12"},
  {"abbr":"UCT", "name":"Coordinated", "utcOffset":"Universal Time  UTC"},
  {"abbr":"ULAT ", "name":"Ulaanbaatar Time", "utcOffset":"UTC+08"},
  {"abbr":"UTC", "name":"Coordinated", "utcOffset":"Universal Time  UTC"},
  {"abbr":"UYST", "name":"Uruguay Summer Time", "utcOffset":"UTC-02"},
  {"abbr":"UYT", "name":"Uruguay Standard Time", "utcOffset":"UTC-03"},
  {"abbr":"UZT", "name":"Uzbekistan Time", "utcOffset":"UTC+05"},
  {"abbr":"VET", "name":"Venezuelan Standard Time", "utcOffset":"UTC-04:30"},
  {"abbr":"VLAT", "name":"Vladivostok Time", "utcOffset":"UTC+10"},
  {"abbr":"VOLT", "name":"Volgograd Time", "utcOffset":"UTC+04"},
  {"abbr":"VOST", "name":"Vostok Station Time", "utcOffset":"UTC+06"},
  {"abbr":"VUT", "name":"Vanuatu Time", "utcOffset":"UTC+11"},
  {"abbr":"WAKT ", "name":"Wake Island Time", "utcOffset":"UTC+12"},
  {"abbr":"WAST ", "name":"West Africa Summer Time", "utcOffset":"UTC+02"},
  {"abbr":"WAT", "name":"West Africa Time", "utcOffset":"UTC+01"},
  {"abbr":"WEDT ", "name":"Western European Daylight Time", "utcOffset":"UTC+01"},
  {"abbr":"WEST ", "name":"Western European Summer Time", "utcOffset":"UTC+01"},
  {"abbr":"WET", "name":"Western", "utcOffset":"European Time UTC"},
  {"abbr":"WST", "name":"Western Standard Time", "utcOffset":"UTC+08"},
  {"abbr":"YAKT ", "name":"Yakutsk Time ", "utcOffset":"UTC+10"},
  {"abbr":"YEKT ", "name":"Yekaterinburg Time ", "utcOffset":"UTC+06"},
  {"abbr":"Z", "name":"Zulu Time (Coordinated Universal Time", "utcOffset":"UTC"}
]

